<?xml version="1.0" encoding="UTF-8" standalone="yes"?>
<addon id="kodi-video" name="kodi-video-addon" version="1" provider-name="joe-burgess">
    <extension point="xbmc.addon.repository" name="Example Repository">
        <dir>
            <info compressed="false">https://raw.githubusercontent.com/joe-burgess/kodi-video-addon/master/repo/zips/addons.xml</info>
            <checksum>https://raw.githubusercontent.com/joe-burgess/kodi-video-addon/master/repo/zips/addons.xml.md5</checksum>
            <datadir zip="true">https://raw.githubusercontent.com/joe-burgess/kodi-video-addon/master/repo/zips/</datadir>
        </dir>
    </extension>
    <extension point="xbmc.addon.metadata">
        <summary>Custom Kodi Video Addon</summary>
        <description>A bit of fun</description>
        <disclaimer></disclaimer>
        <platform>all</platform>
        <assets>
            <icon>icon.png</icon>
            <fanart>fanart.jpg</fanart>
        </assets>
    </extension>
</addon>